{"Mean":{"confidence_interval":{"confidence_level":0.95,"lower_bound":-0.003217749465060612,"upper_bound":0.0016059132654153033},"point_estimate":-0.0008152341524553242,"standard_error":0.0012332101559218314},"Median":{"confidence_interval":{"confidence_level":0.95,"lower_bound":-0.0024986196242372527,"upper_bound":0.0011341617937645765},"point_estimate":-0.0007545451343348164,"standard_error":0.0009347066482883786}}