{"Mean":{"confidence_interval":{"confidence_level":0.95,"lower_bound":17577.553887319584,"upper_bound":17637.12611254086},"point_estimate":17605.404790262262,"standard_error":15.233750848402154},"Median":{"confidence_interval":{"confidence_level":0.95,"lower_bound":17546.840197642057,"upper_bound":17580.155486756106},"point_estimate":17559.712352855102,"standard_error":9.510719408342249},"MedianAbsDev":{"confidence_interval":{"confidence_level":0.95,"lower_bound":44.983101724543,"upper_bound":90.08657260442203},"point_estimate":64.46367420820765,"standard_error":10.71737661298099},"Slope":{"confidence_interval":{"confidence_level":0.95,"lower_bound":17571.83666171301,"upper_bound":17628.185712800307},"point_estimate":17598.517017258677,"standard_error":14.36592751653273},"StdDev":{"confidence_interval":{"confidence_level":0.95,"lower_bound":97.3984954772714,"upper_bound":199.5221046031394},"point_estimate":153.0304903662299,"standard_error":25.92057182080871}}